INSERT INTO BIBLIOTECA (CODE) VALUES
('BIBLIMAD01'),
('BIBLIMAD02'),
('BIBLIBAR01'),
('BIBLIVAL01');

INSERT INTO LIBRO_ISBN (ISBN, TITLE, AUTHOR, CREDITS) VALUES
('A12Y3', 'Yo, Julia', 'Santiago Posteguillo', 10),
('5T8IK', 'Las tinieblas y el alba', 'Ken Follett', 8),
('MS56H', 'El italiano', 'Arturo Perez-Reverte', 7),
('M90PL', 'El clan del oso cavernario', 'Jean M. Auel', 15),
('6YBQ1', 'El ultimo judio', 'Noah Gordon', 5),
('99OLK', 'El mercader de los libros', 'Luis Zueco', 8),
('P1QAZ', 'El invierno del mundo', 'Ken Follett', 7);

INSERT INTO LIBRO (ISBN, CODE) VALUES
('A12Y3', 'TIBJD2VM4H'),
('A12Y3', 'W598ZA6SMM'),
('A12Y3', 'B8Y8RAY92D'),
('5T8IK', 'TYIWUJ7GNX'),
('5T8IK', 'E9FQFEXCVB'),
('MS56H', 'S63VACB6GX'),
('M90PL', '8WIOOZ75AQ'),
('M90PL', '537GO9Q9TX'),
('M90PL', 'TLL7G7X4WK'),
('M90PL', 'X2BHTQPWHB'),
('6YBQ1', '0EGGADWS4R'),
('6YBQ1', 'Z6OF5HU5JJ'),
('6YBQ1', 'IP5NFE4TQO'),
('M90PL', 'L58BU24UYM'),
('M90PL', 'HIU0705REV'),
('99OLK', 'O7TWDNR65B'),
('99OLK', 'M0XOFUMVJZ'),
('99OLK', 'BIFHFNFRNF'),
('P1QAZ', 'XS1BBDUQKT');

INSERT INTO BIBLIOTECA_LIBRO (biblioteca_code, libro_code) VALUES
('BIBLIMAD01', 'TIBJD2VM4H'),
('BIBLIMAD02', 'W598ZA6SMM'),
('BIBLIBAR01', 'B8Y8RAY92D'),
('BIBLIMAD02', 'TYIWUJ7GNX'),
('BIBLIBAR01', 'E9FQFEXCVB'),
('BIBLIVAL01', 'S63VACB6GX'),
('BIBLIVAL01', '8WIOOZ75AQ'),
('BIBLIMAD02', '537GO9Q9TX'),
('BIBLIBAR01', 'TLL7G7X4WK'),
('BIBLIMAD01', 'X2BHTQPWHB'),
('BIBLIMAD01', '0EGGADWS4R'),
('BIBLIBAR01', 'Z6OF5HU5JJ'),
('BIBLIMAD02', 'IP5NFE4TQO'),
('BIBLIMAD01', 'L58BU24UYM'),
('BIBLIVAL01', 'HIU0705REV'),
('BIBLIMAD01', 'O7TWDNR65B'),
('BIBLIMAD02', 'M0XOFUMVJZ'),
('BIBLIVAL01', 'BIFHFNFRNF'),
('BIBLIMAD01', 'XS1BBDUQKT');